first_name,last_name,job_title,department,email,address,phone_number,salary,password
Jennifer,Gibson,"Programmer, multimedia",Building surveyor,morgan67@example.com,Nguyenville,572-373-2917,24249,qg574uBC
Anna,Davis,"Surveyor, mining",Paediatric nurse,melissa87@example.org,Carrolltown,735-735-8729x611,4750,aFP6zarc
Martha,Fletcher,Phytotherapist,"Designer, jewellery",lauralee@example.org,South Davidland,+1-700-790-5098,67027,ve3tELEG
Cody,Schneider,Geophysical data processor,"Engineer, production",ronaldmarsh@example.com,North Ashley,+1-478-881-1961,81260,8Sb6KtVS
Tiffany,Vasquez,Graphic designer,Communications engineer,xcole@example.net,South Darlenetown,470-339-2627,2981,rP3S04zT
Brenda,Hardy,Food technologist,Immigration officer,tonyphillips@example.com,Williamfort,936-306-4180,69797,mL6DSoLO
Donald,Conner,Sports development officer,Restaurant manager,zthomas@example.org,Pittsmouth,001-289-762-1996x8553,36474,iz2ZLV7Z
Micheal,Holmes,Fitness centre manager,Land/geomatics surveyor,edgarmejia@example.org,Lake Rebeccashire,316-739-0246,13561,IYFxNT4z
Ryan,Wang,Engineering geologist,"Development worker, community",sarawashington@example.org,West Julieland,428.950.0271x337,81390,JTLTbb4O
Christina,Mitchell,Toxicologist,"Civil engineer, contracting",plevine@example.org,Lake Maurice,001-798-242-5791x42604,66628,akUdJtNW
Jessica,Roberts,Arts development officer,Mining engineer,jessicagomez@example.com,Burnettfurt,478.613.3890,23366,BVBHL8TD
Dawn,Kelly,Marine scientist,Medical laboratory scientific officer,amycompton@example.org,Michaelland,986-554-5326x35326,71646,8eBCf1oH
Michael,Hopkins,Textile designer,Acupuncturist,rachel75@example.com,Lake Shawnfurt,436-695-5535,15118,Ices9Y8K
Nicholas,Hunter,Heritage manager,Hotel manager,michaelboyer@example.org,Greenshire,(749)227-8995x5177,56300,up2K2twy
Derek,Massey,"Designer, graphic",Financial controller,kmiddleton@example.com,Villanuevaland,(694)947-6270x6045,32360,BM2wFpLA
Debbie,Sanders,Prison officer,"Surveyor, planning and development",louisdavis@example.org,East Michaelstad,001-289-803-0493x9201,31689,K0M2V9nG
Ricky,Sullivan,Biomedical engineer,"Surveyor, insurance",smiththomas@example.net,Nicoleshire,418.629.5458,84731,QZEv6Lav
Nicholas,Boyd,Games developer,"Editor, commissioning",james35@example.org,Gomezhaven,(934)550-8967x229,23905,Gh0BgiB5
Michael,Berry,Acupuncturist,Physiological scientist,jamiemcintyre@example.net,South Hollyville,(803)258-1735,59153,l8H9TZUd
Elizabeth,Montgomery,Heritage manager,Youth worker,jamesmiranda@example.org,Kylestad,(841)457-1304,6514,sldqY1zh
Marissa,Anderson,Stage manager,Camera operator,sjackson@example.com,Barbaraberg,+1-799-520-7612x541,46489,cxj5Chc9
Angela,Mills,"Scientist, research (physical sciences)",Toxicologist,joseph75@example.net,Camachoville,(839)594-1217,5495,UqvWBdkP
Diane,Jones,Physiological scientist,"Designer, television/film set",laurahicks@example.com,South Jonathan,+1-410-259-6582,15040,3KaJ0bM9
Tasha,Payne,Broadcast engineer,Health service manager,kramerheather@example.net,New Meghan,860.685.6743x938,30329,W52d93be
Nathan,Salas,Musician,Estate manager/land agent,scottrivera@example.org,North Kathrynberg,834.426.1557,30948,VROiIxmL
Ryan,Blair,Cartographer,"Engineer, electrical",julia28@example.com,Smithton,685-503-4386x6189,84985,357loqBH
John,Mccarthy,Passenger transport manager,IT trainer,clinejennifer@example.com,New Courtney,822.593.8785x2185,86346,gqOq1fAR
Thomas,Carpenter,Animator,Paediatric nurse,sergiopotter@example.net,West Christopher,+1-822-845-7028x49464,531,vZmQk4f2
Ann,Gray,Paramedic,Emergency planning/management officer,bellchristopher@example.org,Ryanside,532.234.7547x61289,11931,AVWDE9FF
Jennifer,Taylor,Information systems manager,Associate Professor,michellelong@example.net,South Sabrina,252-995-0248,95711,WJikrYSg
David,Payne,"Scientist, product/process development","Scientist, water quality",markmoore@example.org,Smithfort,6306933269,99521,vFEoyOuN
Andrew,Perez,Chief of Staff,Field trials officer,zamoralisa@example.com,Lake Chris,+1-348-581-3067x8274,78064,TjFXrWUf
Martha,Macdonald,Chief Financial Officer,Recycling officer,toddsanchez@example.net,Lake Debra,(396)445-1556,58463,kjgeKpMm
Tamara,Price,"Editor, film/video","Civil engineer, contracting",mia66@example.net,Yuton,6387253156,25253,wmd0v4ys
Kimberly,Reeves,Museum education officer,"Civil engineer, consulting",davisjustin@example.org,Charlesfort,672-666-8421x593,51293,igGFQSet
Claire,Manning,"Engineer, control and instrumentation",Chief Executive Officer,ugordon@example.net,Osborneton,2074787388,19946,t9rHhhjQ
Emily,Everett,"Buyer, industrial",Advertising account planner,andrewcarpenter@example.net,North Kyle,(909)915-3527,3386,uWVwltiz
Heather,Collins,"Scientist, clinical (histocompatibility and immunogenetics)",Dispensing optician,justinmay@example.com,Port Kaitlynburgh,865.840.7173,51099,Z3tdosBh
Travis,Griffin,"Engineer, broadcasting (operations)","Engineer, electronics",ashley02@example.net,South Benjamin,+1-900-854-4268x320,98660,sw7l6AyO
Andrew,Nielsen,Waste management officer,"Designer, television/film set",johnanderson@example.org,Harrischester,(805)696-5673,35246,E3lkMWUT
Paul,Ramsey,Farm manager,"Producer, radio",jyates@example.com,Kimview,001-697-287-8300x944,52567,WdPtm8bd
Robert,Campbell,Jewellery designer,Leisure centre manager,johnhutchinson@example.com,Jenkinsmouth,6952625558,90252,tGoYTdC8
Patrick,Richards,"Engineer, energy",Bonds trader,michael73@example.org,Carrieton,8909602033,27393,scoefcu7
David,Anderson,Fine artist,Food technologist,stevensonmargaret@example.com,East Toddstad,(294)915-1789x43641,60882,yFji2Yf6
Ashley,Martinez,Jewellery designer,Cartographer,mirandacole@example.org,South Laurenburgh,(833)615-1813,61420,DPerpnnv
Gabriela,Garcia,Insurance account manager,Dentist,hughesedwin@example.com,North Paulburgh,001-229-593-2649,43753,k3xrZJCD
Miguel,Rivera,"Education officer, environmental",Network engineer,rebecca98@example.com,Frosthaven,001-602-389-6660x60556,57422,AQcLwxgZ
Amanda,Torres,"Research officer, government",Gaffer,lee00@example.com,Taramouth,+1-818-638-9510x3149,61572,xhxVNuiP
Anthony,Woods,Data scientist,"Editor, magazine features",cobbcolton@example.com,Johnsonton,519.414.3964x6269,61649,cRESe3FC
Joseph,Fisher,Production manager,Sales promotion account executive,pfitzgerald@example.net,Watsonbury,001-726-206-6513x00991,3174,vA01zNMZ
Debra,Salinas,"Engineer, electrical","Investment banker, corporate",jennifer04@example.com,Kellytown,001-500-219-9307x43284,73001,BWAyEoI1
Heather,Garcia,Gaffer,Psychiatrist,charleselizabeth@example.net,Beckerborough,001-566-848-8610,31399,ZAzj5dUY
Kenneth,Hernandez,Television camera operator,"Surveyor, building",bthomas@example.net,Port Shauntown,837-398-9759x18906,83844,ztmYzLPi
Brittany,Wilson,Financial adviser,"Geologist, engineering",ythompson@example.net,Williammouth,(666)474-7099x2428,88147,xwzgGKCS
Jeffrey,Owens,Water engineer,"Librarian, academic",jacobsherman@example.net,New Lisa,7969131525,13816,paao8BGW
Joshua,Carter,Records manager,Wellsite geologist,johnsonvincent@example.com,Pittsfurt,858-698-3733x6971,48012,2VX7soXF
Sharon,Valencia,Catering manager,Advertising account executive,frankharris@example.org,Lawrencefort,(722)564-6700,99662,TU2IWlKm
Antonio,Black,"Therapist, nutritional",Media buyer,omccullough@example.net,New Ross,917.732.2429x249,28810,qXW9vFCt
Michael,Brown,Water engineer,Acupuncturist,melindamontgomery@example.com,Earlmouth,(431)366-7204x52895,58084,ZODPh4eC
Thomas,Hoffman,"Designer, exhibition/display",Animal technologist,hendersonrachel@example.org,West Heatherville,702-890-4198x9516,47754,KvqOeTf4
Melinda,Cook,Ecologist,"Administrator, local government",vanessareid@example.com,Sanchezmouth,001-676-665-0448x5633,98228,jRAB2fUq
Larry,Hubbard,Higher education lecturer,Police officer,samuelcalhoun@example.com,Port Laura,+1-636-795-8180,65863,Ka0NGrlX
Randy,Adams,Retail manager,Broadcast journalist,edwardsjason@example.net,Heidimouth,(332)313-4767,12999,pZk1uUMh
Ernest,Lynch,Insurance claims handler,Veterinary surgeon,crystalsanchez@example.org,West Savannah,518.785.9826,1727,3rcdYOyL
Shannon,Ray,Product/process development scientist,"Designer, fashion/clothing",gary06@example.net,Murphyberg,425-311-2268,88616,xjU6xjta
Scott,Walker,Building control surveyor,Science writer,joshuamullins@example.org,Lake Melissa,686.338.0139,97354,1pP6mYbe
Dana,Fuentes,Haematologist,Mining engineer,huangbarbara@example.com,Port Deborah,419-763-1793,81045,irr6UgKH
Molly,Clay,Paramedic,Firefighter,debralawson@example.org,Christophertown,+1-758-361-9234,54626,YlNqsj9S
Guy,Gill,Commissioning editor,Neurosurgeon,meredith52@example.org,Devinmouth,208-258-3389,30159,ZF58aGoa
Craig,Rosales,Insurance broker,Drilling engineer,xcarrillo@example.org,East Phillipbury,+1-941-697-6754x99877,80629,ne0xvUDE
Maria,Beard,Dietitian,"Production assistant, television",jennifer50@example.com,West Michaelfort,001-972-310-9353,45302,ceJGBAvT
Patrick,Wise,Web designer,Fashion designer,ghiggins@example.net,Jimmychester,(847)253-3696,10903,hTjM8jdv
Roberto,Rodriguez,Osteopath,"Surveyor, quantity",vking@example.com,Martinezland,628.552.1267x4853,6095,SvbJJr2y
Danielle,Gutierrez,Early years teacher,Recruitment consultant,debra28@example.org,Stanleyberg,001-909-862-9975x910,99940,zLQBy9Mw
Matthew,Nguyen,Sales executive,"Scientist, audiological",leslieharper@example.org,Christinatown,605-802-2679x69267,39186,3LU6WBth
Victoria,Hernandez,Occupational therapist,"Engineer, maintenance (IT)",tshelton@example.com,East Dean,+1-878-231-9017,52296,KMEZ2UeQ
Renee,Booker,"Psychotherapist, child",IT sales professional,james72@example.org,Lake Bryanside,001-787-588-8589,59359,ZbwWDzTe
Monica,Holmes,Marketing executive,Homeopath,dvelazquez@example.org,Port Evanview,663-510-7171x53731,99751,VJcJxFbX
Michael,Hale,Chartered legal executive (England and Wales),Manufacturing systems engineer,rhondaberg@example.net,Bryantbury,992.264.0369x35255,82973,6ynBJDZK
Andrew,Barnett,Veterinary surgeon,Secretary/administrator,charlesbutler@example.net,Arthurshire,641-287-9188x85892,39040,mEFotcsa
Allison,Walker,"Lecturer, further education",Civil Service administrator,sgutierrez@example.net,New Latoyashire,569-928-5261,76305,rR5iMd2i
Christopher,Smith,Special effects artist,Diagnostic radiographer,mevans@example.org,Khanport,001-227-259-0777x1639,25447,b8H22VGv
Jodi,White,"Engineer, land",Administrator,leeryan@example.net,West Christopher,001-222-711-5629,34637,bF2gpKbr
Anthony,Shea,Further education lecturer,"Loss adjuster, chartered",masseyjessica@example.org,Christensentown,325-579-4009x525,86495,wkewsLzC
Sarah,Evans,Chief Executive Officer,Photographer,lanebrooke@example.net,Aaronland,657-537-8717,18262,6GIR1TtT
Robin,Garrett,Armed forces technical officer,"Therapist, drama",garrettmatthew@example.org,North Christinaton,001-689-709-2925x26225,55932,I4nu4FqJ
Lisa,Stevens,Commercial art gallery manager,Financial trader,glenn95@example.org,Thomasshire,+1-512-468-5101x7644,35709,jEvvVspp
Robyn,Bailey,Forest/woodland manager,"Psychologist, prison and probation services",david79@example.com,South Seanchester,+1-705-702-9293x742,11888,PCTotnC6
Jacqueline,Allen,"Surveyor, building control",Logistics and distribution manager,chavezalexis@example.com,Deanfort,+1-783-863-1937x15481,17345,koVhrBir
Jorge,Harris,Event organiser,"Horticulturist, amenity",christie41@example.org,Beckchester,469.487.5318,53870,vQJS9jTC
Henry,King,"Teacher, early years/pre","Psychologist, counselling",aaron46@example.net,North Ryanchester,+1-446-307-4521x40377,40576,oGDcRlMd
Erin,Murray,"Engineer, agricultural",Risk manager,fharris@example.org,East Mark,001-995-258-6907x012,3733,fb6nCoWM
Anthony,Wilson,Theme park manager,Technical sales engineer,vjackson@example.net,Kathrynborough,+1-648-581-4111,14080,LWD2qp74
Harold,Osborn,Graphic designer,Database administrator,lucerojean@example.net,Lake Matthewberg,(363)827-6195,80132,9WAd4fGo
Jeremy,Villanueva,Museum education officer,Chartered loss adjuster,seanbates@example.net,Laurieburgh,4482903718,16377,Ajsoccez
Christopher,Estes,Accommodation manager,"Buyer, retail",blairjeremy@example.org,New James,(697)595-9975,36107,LIXkZJGc
Lindsey,Fernandez,Call centre manager,Musician,mike32@example.org,East Michael,441.612.8959,13757,UbNYtgJv
April,Evans,Curator,"Scientist, research (maths)",gabrielevans@example.net,South Amyland,468-545-7881x1867,62576,PTC0JRp0
Bailey,Brown,Food technologist,TEFL teacher,caitlynmurray@example.net,New Marcusfort,799.951.4947x2726,92921,P1mrP5Ap
Gregory,Yoder,Trade union research officer,"Physicist, medical",singhbrian@example.net,Mooretown,(893)586-1014x3833,55147,hQPzbuFj
